nome;imagem
Sofá 3 Lugares Floret Veludo Rosê;https://static.mobly.com.br/r/2000x2000/p/Keva-SofC3A1-3-Lugares-Floret-Veludo-RosC3AA-6035-513439-1.jpg
Conjunto Sala de Jantar Cíntia Madesa Mesa Tampo de Madeira com 4 Cadeiras - Rustic/Crema/Pérola;https://static.mobly.com.br/r/2000x2000/p/Madesa-Conjunto-Sala-de-Jantar-CC3ADntia-Madesa-Mesa-Tampo-de-Madeira-com-4-Cadeiras---Rustic2FCrema2FPC3
Conjunto de Mesa de Jantar Luna com Vidro e 6 Cadeiras Grécia Veludo Chocolate e Off White;https://static.mobly.com.br/r/2000x2000/p/Modern-Conjunto-de-Mesa-de-Jantar-Luna-com-Vidro-e-6-Cadeiras-GrC3A9cia-Veludo-Chocolate-e-Off-White-7554-191606-1.jpg?_gl=1*1fkuzu4*_ga*NDI2ODExNjguMTY5NTQyODE3OQ..*_ga_52S02DHY6L*MTY5NjMzNTI5Ni4xMy4xLjE2OTYzMzU3NjIuNTAuMC4w
Guarda-Roupa Casal Premium 6 PT 6 GV Neve;https://static.mobly.com.br/r/2000x2000/p/Mobly-Guarda-Roupa-Casal-Premium-6-PT-6-GV-Neve-0129-735433-1.jpg?_gl=1*1etyb8j*_ga*NDI2ODExNjguMTY5NTQyODE3OQ..*_ga_52S02DHY6L*MTY5NjMzNTI5Ni4xMy4xLjE2OTYzMzU4NDguMzAuMC4w
Cadeira de Escritório Presidente Giratória com Relax Finland Preta;https://static.mobly.com.br/r/2000x2000/p/Mobly-Cadeira-de-EscritC3B3rio-Presidente-GiratC3B3ria-com-Relax-Finland-Preta-6866-201205-1.jpg
Cadeira de Escritório Secretária Giratória Marilyn Branca;https://static.mobly.com.br/r/2000x2000/p/Mobly-Cadeira-de-EscritC3B3rio-SecretC3A1ria-GiratC3B3ria-Marilyn-Branca-4175-492691-1.jpg
Conjunto de Mesa de Jantar Berlim II com Tampo de Vidro Off White e 4 Cadeiras Grécia Veludo Creme;https://static.mobly.com.br/r/2000x2000/p/Modern-Conjunto-de-Mesa-de-Jantar-Berlim-II-com-Tampo-de-Vidro-Off-White-e-4-Cadeiras-GrC3A9cia-Veludo-Creme-4637-175695-1.jpg
Conjunto Sala de Jantar Madesa Talita Mesa Tampo de Madeira com 4 Cadeiras - Rustic/Crema/Pérola;https://static.mobly.com.br/r/2000x2000/p/Madesa-Conjunto-Sala-de-Jantar-Madesa-Talita-Mesa-Tampo-de-Madeira-com-4-Cadeiras---Rustic2FCrema2FPC3A9rola-5629-137567-1.jpg
Sofá 2 Lugares Vitrola Suede Tabaco;https://static.mobly.com.br/r/2000x2000/p/Modern-SofC3A1-2-Lugares-Vitrola-Suede-Tabaco-4944-2127101-1.jpg
Sofá na Caixa Ubbe 3 Lugares com Molas Ensacadas Bouclê Cinza 200 cm;https://static.mobly.com.br/r/2000x2000/p/Keva-SofC3A1-na-Caixa-Ubbe-3-Lugares-com-Molas-Ensacadas-BouclC3AA-Cinza-200-cm-7926-8208411-1.jpg
Cômoda Colors Madeira Maciça 6 GV Castanho Verniz e Colorido Envelhecido;https://static.mobly.com.br/r/2000x2000/p/Keva-CC3B4moda-Colors-Madeira-MaciC3A7a-6-GV-Castanho-Verniz-e-Colorido-Envelhecido-7321-440065-1.jpg
Cômoda Vegas 4 GV Natural Rustico;https://static.mobly.com.br/r/2000x2000/p/Keva-CC3B4moda-Vegas-4-GV-Natural-Rustico-2975-660884-1.jpg
