nome;img0;img1;img2;img3;Categoria
Cozinha Compacta Iluminata 8 PT 4 GV Branca e ébabano;https://static.mobly.com.br/p/2000x2000/p/GENIALFLEX-Cozinha-Compacta-Iluminata-8-PT-4-GV-Branca-e-C389bano-6321-2963011-1.jpg;https://static.mobly.com.br/p/2000x2000/p/GENIALFLEX-Cozinha-Compacta-Iluminata-8-PT-4-GV-Branca-e-C389bano-6622-2963011-2.jpg;https://static.mobly.com.br/p/2000x2000/p/GENIALFLEX-Cozinha-Compacta-Iluminata-8-PT-4-GV-Branca-e-C389bano-6707-2963011-3.jpg;https://static.mobly.com.br/p/2000x2000/p/GENIALFLEX-Cozinha-Compacta-Iluminata-8-PT-4-GV-Branca-e-C389bano-6708-2963011-4.jpg;Kit Cozinha
Armário aéreoeo Canelone com Vidro 3 PT Preto;https://static.mobly.com.br/p/2000x2000/p/Politorno-ArmC3A1rio-AC3A9reo-Canelone-com-Vidro-3-PT-Preto-5823-1819211-1.jpg;https://static.mobly.com.br/p/2000x2000/p/Politorno-ArmC3A1rio-AC3A9reo-Canelone-com-Vidro-3-PT-Preto-5824-1819211-2.jpg;https://static.mobly.com.br/p/2000x2000/p/Politorno-ArmC3A1rio-AC3A9reo-Canelone-com-Vidro-3-PT-Preto-5825-1819211-3.jpg;https://static.mobly.com.br/p/2000x2000/p/Politorno-ArmC3A1rio-AC3A9reo-Canelone-com-Vidro-3-PT-Preto-5826-1819211-4.jpg;Armário Cozinha
Armário aéreoeo Evidence 3 PT Branco 120 cm;https://static.mobly.com.br/p/2000x2000/p/Poliman-ArmC3A1rio-AC3A9reo-Evidence-3-PT-Branco-120-cm-0703-609429-1.jpg;https://static.mobly.com.br/p/2000x2000/p/Poliman-ArmC3A1rio-AC3A9reo-Evidence-3-PT-Branco-120-cm-0705-609429-2.jpg;https://static.mobly.com.br/p/2000x2000/p/Poliman-ArmC3A1rio-AC3A9reo-Evidence-3-PT-Branco-120-cm-0708-609429-3.jpg;;Armário Cozinha
Balcão de Cozinha Iluminata 2 PT Mint 80 cm;https://static.mobly.com.br/p/2000x2000/p/GENIALFLEX-BalcC3A3o-de-Cozinha-Iluminata-2-PT-Mint-80-cm-6017-8369301-1.jpg;https://static.mobly.com.br/p/2000x2000/p/GENIALFLEX-BalcC3A3o-de-Cozinha-Iluminata-2-PT-Mint-80-cm-0362-8369301-2.jpg;https://static.mobly.com.br/p/2000x2000/p/GENIALFLEX-BalcC3A3o-de-Cozinha-Iluminata-2-PT-Mint-80-cm-0363-8369301-3.jpg;https://static.mobly.com.br/p/2000x2000/p/GENIALFLEX-BalcC3A3o-de-Cozinha-Iluminata-2-PT-Mint-80-cm-0364-8369301-4.jpg;Balcão de Cozinha
Paneleiro Maxxi 2 PT Branco;https://static.mobly.com.br/p/2000x2000/p/Kappesberg-Paneleiro-Maxxi-2-PT-Branco-2231-707789-1.jpg;https://static.mobly.com.br/p/2000x2000/p/Kappesberg-Paneleiro-Maxxi-2-PT-Branco-2232-707789-2.jpg;https://static.mobly.com.br/p/2000x2000/p/Kappesberg-Paneleiro-Maxxi-2-PT-Branco-2232-707789-3.jpg;https://static.mobly.com.br/p/2000x2000/p/Kappesberg-Paneleiro-Maxxi-2-PT-Branco-2233-707789-4.jpg;Paneleiro
Paneleiro Firenze 4 PT Avena;https://static.mobly.com.br/p/2000x2000/p/DemC3B3bile-Paneleiro-Firenze-4-PT-Avena-2719-0542001-1.jpg;https://static.mobly.com.br/p/2000x2000/p/DemC3B3bile-Paneleiro-Firenze-4-PT-Avena-2720-0542001-2.jpg;https://static.mobly.com.br/p/2000x2000/p/DemC3B3bile-Paneleiro-Firenze-4-PT-Avena-2721-0542001-3.jpg;https://static.mobly.com.br/p/2000x2000/p/DemC3B3bile-Paneleiro-Firenze-4-PT-Avena-2722-0542001-4.jpg;Paneleiro
Balcão de Cozinha Bruges com Tampo 2 PT 3 GV FreijÃ³ e Off White;https://static.mobly.com.br/p/2000x2000/p/Kappesberg-BalcC3A3o-de-Cozinha-Bruges-com-Tampo-2-PT-3-GV-FreijC3B3-e-Off-White-5239-098188-1.jpg;https://static.mobly.com.br/p/2000x2000/p/Kappesberg-BalcC3A3o-de-Cozinha-Bruges-com-Tampo-2-PT-3-GV-FreijC3B3-e-Off-White-5241-098188-2.jpg;https://static.mobly.com.br/p/2000x2000/p/Kappesberg-BalcC3A3o-de-Cozinha-Bruges-com-Tampo-2-PT-3-GV-FreijC3B3-e-Off-White-5242-098188-3.jpg;;Balcão de Cozinha
Armário aéreoeo Botanic 2 PT Nogueira 80 cm;https://static.mobly.com.br/p/2000x2000/p/Kappesberg-ArmC3A1rio-AC3A9reo-Botanic-2-PT-Nogueira-80-cm-3793-827599-1.jpg;https://static.mobly.com.br/p/2000x2000/p/Kappesberg-ArmC3A1rio-AC3A9reo-Botanic-2-PT-Nogueira-80-cm-3795-827599-2.jpg;https://static.mobly.com.br/p/2000x2000/p/Kappesberg-ArmC3A1rio-AC3A9reo-Botanic-2-PT-Nogueira-80-cm-3788-827599-3.jpg;https://static.mobly.com.br/p/2000x2000/p/Kappesberg-ArmC3A1rio-AC3A9reo-Botanic-2-PT-Nogueira-80-cm-3789-827599-4.jpg;Armário Cozinha
Balcão de Cozinha com Tampo CarmÃ©nere 3 PT 2 GV Marrom e Branco;https://static.mobly.com.br/p/2000x2000/p/Ronipa-BalcC3A3o-de-Cozinha-com-Tampo-CarmC3A9nere-3-PT-2-GV-Marrom-e-Branco-0282-307637-1.jpg;https://static.mobly.com.br/p/2000x2000/p/Ronipa-BalcC3A3o-de-Cozinha-com-Tampo-CarmC3A9nere-3-PT-2-GV-Marrom-e-Branco-0353-307637-2.jpg;https://static.mobly.com.br/p/2000x2000/p/Ronipa-BalcC3A3o-de-Cozinha-com-Tampo-CarmC3A9nere-3-PT-2-GV-Marrom-e-Branco-0282-307637-3.jpg;https://static.mobly.com.br/p/2000x2000/p/Ronipa-BalcC3A3o-de-Cozinha-com-Tampo-CarmC3A9nere-3-PT-2-GV-Marrom-e-Branco-0282-307637-4.jpg;Armário Cozinha
Cozinha Compacta Dama 7 PT 3 GV Avena e Grafito;https://static.mobly.com.br/p/2000x2000/p/DemC3B3bile-Cozinha-Compacta-Dama-7-PT-3-GV-Avena-e-Grafito-3934-990999-1.jpg;https://static.mobly.com.br/p/2000x2000/p/DemC3B3bile-Cozinha-Compacta-Dama-7-PT-3-GV-Avena-e-Grafito-3935-990999-2.jpg;https://static.mobly.com.br/p/2000x2000/p/DemC3B3bile-Cozinha-Compacta-Dama-7-PT-3-GV-Avena-e-Grafito-3936-990999-3.jpg;https://static.mobly.com.br/p/2000x2000/p/DemC3B3bile-Cozinha-Compacta-Dama-7-PT-3-GV-Avena-e-Grafito-3937-990999-4.jpg;Kit Cozinha
Cozinha Completa Madesa Reims 310001 com Armário e Balcão - Preto;https://static.mobly.com.br/p/2000x2000/p/Madesa-Cozinha-Completa-Madesa-Reims-310001-com-ArmC3A1rio-e-BalcC3A3o---Preto-1383-764567-1.jpg;https://static.mobly.com.br/p/2000x2000/p/Madesa-Cozinha-Completa-Madesa-Reims-310001-com-ArmC3A1rio-e-BalcC3A3o---Preto-1384-764567-2.jpg;https://static.mobly.com.br/p/2000x2000/p/Madesa-Cozinha-Completa-Madesa-Reims-310001-com-ArmC3A1rio-e-BalcC3A3o---Preto-1385-764567-3.jpg;https://static.mobly.com.br/p/2000x2000/p/Madesa-Cozinha-Completa-Madesa-Reims-310001-com-ArmC3A1rio-e-BalcC3A3o---Preto-1387-764567-4.jpg;Armário Cozinha
Balcão de Cozinha com Tampo Confort 1 PT Grafite e Branco;https://static.mobly.com.br/p/2000x2000/p/BATROL-BalcC3A3o-de-Cozinha-com-Tampo-Confort-1-PT-Grafite-e-Branco-3438-070879-1.jpg;https://static.mobly.com.br/p/2000x2000/p/BATROL-BalcC3A3o-de-Cozinha-com-Tampo-Confort-1-PT-Grafite-e-Branco-3439-070879-2.jpg;https://static.mobly.com.br/p/2000x2000/p/BATROL-BalcC3A3o-de-Cozinha-com-Tampo-Confort-1-PT-Grafite-e-Branco-3440-070879-3.jpg;;Balcão de Cozinha
Armário aéreoeo CarmÃ©nere 2 PT Castanho e Chumbo;https://static.mobly.com.br/p/2000x2000/p/Ronipa-ArmC3A1rio-AC3A9reo-CarmC3A9nere-2-PT-Castanho-e-Chumbo-7151-007637-1.jpg;https://static.mobly.com.br/p/2000x2000/p/Ronipa-ArmC3A1rio-AC3A9reo-CarmC3A9nere-2-PT-Castanho-e-Chumbo-7138-007637-2.jpg;https://static.mobly.com.br/p/2000x2000/p/Ronipa-ArmC3A1rio-AC3A9reo-CarmC3A9nere-2-PT-Castanho-e-Chumbo-7136-007637-3.jpg;;Armário Cozinha
Kit de Cozinha Encanto 7 PT 2 GV Amendola e Branco;https://static.mobly.com.br/p/2000x2000/p/DemC3B3bile-Kit-de-Cozinha-Encanto-7-PT-2-GV-Amendola-e-Branco-1347-535088-1.jpg;https://static.mobly.com.br/p/2000x2000/p/DemC3B3bile-Kit-de-Cozinha-Encanto-7-PT-2-GV-Amendola-e-Branco-1349-535088-2.jpg;https://static.mobly.com.br/p/2000x2000/p/DemC3B3bile-Kit-de-Cozinha-Encanto-7-PT-2-GV-Amendola-e-Branco-1351-535088-3.jpg;https://static.mobly.com.br/p/2000x2000/p/DemC3B3bile-Kit-de-Cozinha-Encanto-7-PT-2-GV-Amendola-e-Branco-1352-535088-4.jpg;
Armário aéreoeo Canelone com Vidro 2 PT Preto;https://static.mobly.com.br/p/2000x2000/p/Politorno-ArmC3A1rio-AC3A9reo-Canelone-com-Vidro-2-PT-Preto-5816-2819211-1.jpg;https://static.mobly.com.br/p/2000x2000/p/Politorno-ArmC3A1rio-AC3A9reo-Canelone-com-Vidro-2-PT-Preto-5817-2819211-2.jpg;https://static.mobly.com.br/p/2000x2000/p/Politorno-ArmC3A1rio-AC3A9reo-Canelone-com-Vidro-2-PT-Preto-5818-2819211-3.jpg;https://static.mobly.com.br/p/2000x2000/p/Politorno-ArmC3A1rio-AC3A9reo-Canelone-com-Vidro-2-PT-Preto-5819-2819211-4.jpg;Armário Cozinha
Armário aéreoeo Bruges Espelhado 2 PT Nogal;https://static.mobly.com.br/p/2000x2000/p/Kappesberg-ArmC3A1rio-AC3A9reo-Bruges-Espelhado-2-PT-Nogal-5107-778188-1.jpg;https://static.mobly.com.br/p/2000x2000/p/Kappesberg-ArmC3A1rio-AC3A9reo-Bruges-Espelhado-2-PT-Nogal-5108-778188-2.jpg;https://static.mobly.com.br/p/2000x2000/p/Kappesberg-ArmC3A1rio-AC3A9reo-Bruges-Espelhado-2-PT-Nogal-5110-778188-3.jpg;;Armário Cozinha
Cozinha Compacta Merlot 9 PT 1 GV Castanho e Branca;https://static.mobly.com.br/p/2000x2000/p/Ronipa-Cozinha-Compacta-Merlot-9-PT-1-GV-Castanho-e-Branca-6451-338629-1.jpg;https://static.mobly.com.br/p/2000x2000/p/Ronipa-Cozinha-Compacta-Merlot-9-PT-1-GV-Castanho-e-Branca-6453-338629-2.jpg;https://static.mobly.com.br/p/2000x2000/p/Ronipa-Cozinha-Compacta-Merlot-9-PT-1-GV-Castanho-e-Branca-6455-338629-3.jpg;https://static.mobly.com.br/p/2000x2000/p/Ronipa-Cozinha-Compacta-Merlot-9-PT-1-GV-Castanho-e-Branca-6457-338629-4.jpg;Kit Cozinha
Armário aéreoeo Botanic 3 PT Nogueira 120 cm;https://static.mobly.com.br/p/2000x2000/p/Kappesberg-ArmC3A1rio-AC3A9reo-Botanic-3-PT-Nogueira-120-cm-3910-037599-1.jpg;https://static.mobly.com.br/p/2000x2000/p/Kappesberg-ArmC3A1rio-AC3A9reo-Botanic-3-PT-Nogueira-120-cm-3911-037599-2.jpg;https://static.mobly.com.br/p/2000x2000/p/Kappesberg-ArmC3A1rio-AC3A9reo-Botanic-3-PT-Nogueira-120-cm-3913-037599-3.jpg;https://static.mobly.com.br/p/2000x2000/p/Kappesberg-ArmC3A1rio-AC3A9reo-Botanic-3-PT-Nogueira-120-cm-3914-037599-4.jpg;Armário Cozinha
Paneleiro Botanic 2 PT Nogueira e Verde Oliva;https://static.mobly.com.br/p/2000x2000/p/Kappesberg-Paneleiro-Botanic-2-PT-Nogueira-e-Verde-Oliva-3509-427599-1.jpg;https://static.mobly.com.br/p/2000x2000/p/Kappesberg-Paneleiro-Botanic-2-PT-Nogueira-e-Verde-Oliva-3511-427599-2.jpg;https://static.mobly.com.br/p/2000x2000/p/Kappesberg-Paneleiro-Botanic-2-PT-Nogueira-e-Verde-Oliva-3512-427599-3.jpg;https://static.mobly.com.br/p/2000x2000/p/Kappesberg-Paneleiro-Botanic-2-PT-Nogueira-e-Verde-Oliva-3513-427599-4.jpg;Paneleiro
Balcão de Cozinha com Tampo Botanic 2 PT Fendi e Nogueira;https://static.mobly.com.br/p/2000x2000/p/Kappesberg-BalcC3A3o-de-Cozinha-com-Tampo-Botanic-2-PT-Fendi-e-Nogueira-2468-1684001-1.jpg;https://static.mobly.com.br/p/2000x2000/p/Kappesberg-BalcC3A3o-de-Cozinha-com-Tampo-Botanic-2-PT-Fendi-e-Nogueira-2469-1684001-2.jpg;https://static.mobly.com.br/p/2000x2000/p/Kappesberg-BalcC3A3o-de-Cozinha-com-Tampo-Botanic-2-PT-Fendi-e-Nogueira-2470-1684001-3.jpg;https://static.mobly.com.br/p/2000x2000/p/Kappesberg-BalcC3A3o-de-Cozinha-com-Tampo-Botanic-2-PT-Fendi-e-Nogueira-2471-1684001-4.jpg;Balcão de Cozinha
Balcão de Cozinha Evolution com Tampo 2 PT Carvalho;https://static.mobly.com.br/p/2000x2000/p/BATROL-BalcC3A3o-de-Cozinha-Evolution-com-Tampo-2-PT--Carvalho-3466-323016-1.jpg;https://static.mobly.com.br/p/2000x2000/p/BATROL-BalcC3A3o-de-Cozinha-Evolution-com-Tampo-2-PT--Carvalho-3467-323016-2.jpg;https://static.mobly.com.br/p/2000x2000/p/BATROL-BalcC3A3o-de-Cozinha-Evolution-com-Tampo-2-PT--Carvalho-3469-323016-3.jpg;https://static.mobly.com.br/p/2000x2000/p/BATROL-BalcC3A3o-de-Cozinha-Evolution-com-Tampo-2-PT--Carvalho-3470-323016-4.jpg;Balcão de Cozinha
Balcão de Cozinha com Tampo Vega 3 PT Branco;https://static.mobly.com.br/p/2000x2000/p/Arte-MC3B3veis-BalcC3A3o-de-Cozinha-com-Tampo-Vega-3-PT-Branco-2936-1558411-1.jpg;https://static.mobly.com.br/p/2000x2000/p/Arte-MC3B3veis-BalcC3A3o-de-Cozinha-com-Tampo-Vega-3-PT-Branco-2938-1558411-2.jpg;https://static.mobly.com.br/p/2000x2000/p/Arte-MC3B3veis-BalcC3A3o-de-Cozinha-com-Tampo-Vega-3-PT-Branco-2939-1558411-3.jpg;https://static.mobly.com.br/p/2000x2000/p/Arte-MC3B3veis-BalcC3A3o-de-Cozinha-com-Tampo-Vega-3-PT-Branco-2941-1558411-4.jpg;Balcão de Cozinha
Balcão de Cozinha com Tampo Iluminata 2 PT Branco e ébabano;https://static.mobly.com.br/p/2000x2000/p/GENIALFLEX-BalcC3A3o-de-Cozinha-com-Tampo-Iluminata-2-PT-Branco-e-C389bano-8626-4601201-1.jpg;https://static.mobly.com.br/p/2000x2000/p/GENIALFLEX-BalcC3A3o-de-Cozinha-com-Tampo-Iluminata-2-PT-Branco-e-C389bano-8627-4601201-2.jpg;https://static.mobly.com.br/p/2000x2000/p/GENIALFLEX-BalcC3A3o-de-Cozinha-com-Tampo-Iluminata-2-PT-Branco-e-C389bano-8628-4601201-3.jpg;https://static.mobly.com.br/p/2000x2000/p/GENIALFLEX-BalcC3A3o-de-Cozinha-com-Tampo-Iluminata-2-PT-Branco-e-C389bano-8629-4601201-4.jpg;Balcão de Cozinha
Conjunto com 2 Cadeiras Varsovia Luxo Veludo Marrom e Imbuia;https://static.mobly.com.br/p/2000x2000/p/Modern-Conjunto-com-2-Cadeiras-Varsovia-Luxo-Veludo-Marrom-e-Imbuia-1197-2983611-1.jpg;https://static.mobly.com.br/p/2000x2000/p/Modern-Conjunto-com-2-Cadeiras-Varsovia-Luxo-Veludo-Marrom-e-Imbuia-1198-2983611-2.jpg;https://static.mobly.com.br/p/2000x2000/p/Modern-Conjunto-com-2-Cadeiras-Varsovia-Luxo-Veludo-Marrom-e-Imbuia-1199-2983611-3.jpg;;Mesa
Balcão de Cozinha Campinas 4 PT 1 GV Branco;https://static.mobly.com.br/p/2000x2000/p/Arte-MC3B3veis-BalcC3A3o-de-Cozinha-Campinas-4-PT-1-GV-Branco-4800-9951301-1.jpg;https://static.mobly.com.br/p/2000x2000/p/Arte-MC3B3veis-BalcC3A3o-de-Cozinha-Campinas-4-PT-1-GV-Branco-4802-9951301-2.jpg;https://static.mobly.com.br/p/2000x2000/p/Arte-MC3B3veis-BalcC3A3o-de-Cozinha-Campinas-4-PT-1-GV-Branco-4803-9951301-3.jpg;https://static.mobly.com.br/p/2000x2000/p/Arte-MC3B3veis-BalcC3A3o-de-Cozinha-Campinas-4-PT-1-GV-Branco-4671-9951301-4.jpg;Balcão de Cozinha
Conjunto com 4 Cadeiras Atenas Suede Animalle Chocolate e Capuccino;https://static.mobly.com.br/p/2000x2000/p/Modern-Conjunto-com-4-Cadeiras-Atenas-Suede-Animalle-Chocolate-e-Capuccino-1194-3983611-1.jpg;https://static.mobly.com.br/p/2000x2000/p/Modern-Conjunto-com-4-Cadeiras-Atenas-Suede-Animalle-Chocolate-e-Capuccino-1195-3983611-2.jpg;https://static.mobly.com.br/p/2000x2000/p/Modern-Conjunto-com-4-Cadeiras-Atenas-Suede-Animalle-Chocolate-e-Capuccino-1196-3983611-3.jpg;;Mesa
Paneleiro Maxxi 1 PT 3 GV Branco;https://static.mobly.com.br/p/2000x2000/p/Kappesberg-Paneleiro-Maxxi-1-PT-3-GV-Branco-2225-807789-1.jpg;https://static.mobly.com.br/p/2000x2000/p/Kappesberg-Paneleiro-Maxxi-1-PT-3-GV-Branco-2226-807789-2.jpg;https://static.mobly.com.br/p/2000x2000/p/Kappesberg-Paneleiro-Maxxi-1-PT-3-GV-Branco-2227-807789-3.jpg;https://static.mobly.com.br/p/2000x2000/p/Kappesberg-Paneleiro-Maxxi-1-PT-3-GV-Branco-2228-807789-4.jpg;Paneleiro
Conjunto com 4 Cadeiras Atenas Suede Amassado Chocolate e Capuccino;https://static.mobly.com.br/p/2000x2000/p/Modern-Conjunto-com-4-Cadeiras-Atenas-Suede-Amassado-Chocolate-e-Capuccino-1191-4983611-1.jpg;https://static.mobly.com.br/p/2000x2000/p/Modern-Conjunto-com-4-Cadeiras-Atenas-Suede-Amassado-Chocolate-e-Capuccino-1192-4983611-2.jpg;https://static.mobly.com.br/p/2000x2000/p/Modern-Conjunto-com-4-Cadeiras-Atenas-Suede-Amassado-Chocolate-e-Capuccino-1193-4983611-3.jpg;;Mesa
Tampo para Balcão Nox Orion 80 cm;https://static.mobly.com.br/p/2000x2000/p/Kappesberg-Tampo-para-BalcC3A3o-Nox-Orion-80-cm-1446-986119-1.jpg;https://static.mobly.com.br/p/2000x2000/p/Kappesberg-Tampo-para-BalcC3A3o-Nox-Orion-80-cm-1447-986119-2.jpg;https://static.mobly.com.br/p/2000x2000/p/Kappesberg-Tampo-para-BalcC3A3o-Nox-Orion-80-cm-1448-986119-3.jpg;;Mesa
Conjunto com 4 Cadeiras Aurora Veludo PÃ©rola e Capuccino;https://static.mobly.com.br/p/2000x2000/p/Modern-Conjunto-com-4-Cadeiras-Aurora-Veludo-PC3A9rola-e-Capuccino-1263-5983611-1.jpg;https://static.mobly.com.br/p/2000x2000/p/Modern-Conjunto-com-4-Cadeiras-Aurora-Veludo-PC3A9rola-e-Capuccino-1264-5983611-2.jpg;https://static.mobly.com.br/p/2000x2000/p/Modern-Conjunto-com-4-Cadeiras-Aurora-Veludo-PC3A9rola-e-Capuccino-1265-5983611-3.jpg;;Mesa
Balcão de Cozinha Nox 2 PT Ã”nix e Steel 80 cm;https://static.mobly.com.br/p/2000x2000/p/Kappesberg-BalcC3A3o-de-Cozinha-Nox-2-PT-C394nix-e-Steel-80-cm-1526-766119-1.jpg;https://static.mobly.com.br/p/2000x2000/p/Kappesberg-BalcC3A3o-de-Cozinha-Nox-2-PT-C394nix-e-Steel-80-cm-1527-766119-2.jpg;https://static.mobly.com.br/p/2000x2000/p/Kappesberg-BalcC3A3o-de-Cozinha-Nox-2-PT-C394nix-e-Steel-80-cm-1528-766119-3.jpg;;Balcão de Cozinha
Bancada Americana Affara;https://static.mobly.com.br/p/2000x2000/p/Plata-Bancada-Americana-Affara-7394-4936611-1.jpg;https://static.mobly.com.br/p/2000x2000/p/Plata-Bancada-Americana-Affara-7396-4936611-2.jpg;https://static.mobly.com.br/p/2000x2000/p/Plata-Bancada-Americana-Affara-7398-4936611-3.jpg;;Mesa
Paneleiro Iluminata com Vidro 1 PT 1 GV Verde Mint e ébabano;https://static.mobly.com.br/p/2000x2000/p/GENIALFLEX-Paneleiro-Iluminata-com-Vidro-1-PT-1-GV-Verde-Mint-e-C389bano-8176-4449401-1.jpg;https://static.mobly.com.br/p/2000x2000/p/GENIALFLEX-Paneleiro-Iluminata-com-Vidro-1-PT-1-GV-Verde-Mint-e-C389bano-8177-4449401-2.jpg;https://static.mobly.com.br/p/2000x2000/p/GENIALFLEX-Paneleiro-Iluminata-com-Vidro-1-PT-1-GV-Verde-Mint-e-C389bano-8178-4449401-3.jpg;;Paneleiro
Balcão de Cozinha com Tampo Botanic 2 PT 3 GV Verde Oliva e Nogueira;https://static.mobly.com.br/p/2000x2000/p/Kappesberg-BalcC3A3o-de-Cozinha-com-Tampo-Botanic-2-PT-3-GV-Verde-Oliva-e-Nogueira-2450-4684001-1.jpg;https://static.mobly.com.br/p/2000x2000/p/Kappesberg-BalcC3A3o-de-Cozinha-com-Tampo-Botanic-2-PT-3-GV-Verde-Oliva-e-Nogueira-2451-4684001-2.jpg;https://static.mobly.com.br/p/2000x2000/p/Kappesberg-BalcC3A3o-de-Cozinha-com-Tampo-Botanic-2-PT-3-GV-Verde-Oliva-e-Nogueira-2452-4684001-3.jpg;https://static.mobly.com.br/p/2000x2000/p/Kappesberg-BalcC3A3o-de-Cozinha-com-Tampo-Botanic-2-PT-3-GV-Verde-Oliva-e-Nogueira-2452-4684001-4.jpg;Balcão de Cozinha
Balcão de Cozinha com Tampo Chardonnay 3 PT 2 GV Castanho e Branco;https://static.mobly.com.br/p/2000x2000/p/Ronipa-BalcC3A3o-de-Cozinha-com-Tampo-Chardonnay-3-PT-2-GV-Castanho-e-Branco-8933-766637-1.jpg;https://static.mobly.com.br/p/2000x2000/p/Ronipa-BalcC3A3o-de-Cozinha-com-Tampo-Chardonnay-3-PT-2-GV-Castanho-e-Branco-8935-766637-2.jpg;https://static.mobly.com.br/p/2000x2000/p/Ronipa-BalcC3A3o-de-Cozinha-com-Tampo-Chardonnay-3-PT-2-GV-Castanho-e-Branco-8932-766637-3.jpg;https://static.mobly.com.br/p/2000x2000/p/Ronipa-BalcC3A3o-de-Cozinha-com-Tampo-Chardonnay-3-PT-2-GV-Castanho-e-Branco-8939-766637-4.jpg;Balcão de Cozinha
Conjunto com 2 Cadeiras Amanda Veludo Bege e Imbuia;https://static.mobly.com.br/p/2000x2000/p/Modern-Conjunto-com-2-Cadeiras-Amanda-Veludo-Bege-e-Imbuia-6654-8319611-1.jpg;https://static.mobly.com.br/p/2000x2000/p/Modern-Conjunto-com-2-Cadeiras-Amanda-Veludo-Bege-e-Imbuia-6653-8319611-2.jpg;https://static.mobly.com.br/p/2000x2000/p/Modern-Conjunto-com-2-Cadeiras-Amanda-Veludo-Bege-e-Imbuia-9827-8319611-3.jpg;;Mesa
Conjunto com 2 Cadeiras Amanda Veludo Marrom Claro e Imbuia;https://static.mobly.com.br/p/2000x2000/p/Modern-Conjunto-com-2-Cadeiras-Amanda-Veludo-Marrom-Claro-e-Imbuia-1425-9319611-1.jpg;https://static.mobly.com.br/p/2000x2000/p/Modern-Conjunto-com-2-Cadeiras-Amanda-Veludo-Marrom-Claro-e-Imbuia-1426-9319611-2.jpg;https://static.mobly.com.br/p/2000x2000/p/Modern-Conjunto-com-2-Cadeiras-Amanda-Veludo-Marrom-Claro-e-Imbuia-1427-9319611-3.jpg;;Mesa
Armário aéreoeo Frow II 2 PT FreijÃ³ e Off White 80 cm;https://static.mobly.com.br/p/2000x2000/p/Kappesberg-ArmC3A1rio-AC3A9reo-Frow-II-2-PT-FreijC3B3-e-Off-White-80-cm-9921-659147-1.jpg;https://static.mobly.com.br/p/2000x2000/p/Kappesberg-ArmC3A1rio-AC3A9reo-Frow-II-2-PT-FreijC3B3-e-Off-White-80-cm-9923-659147-2.jpg;https://static.mobly.com.br/p/2000x2000/p/Kappesberg-ArmC3A1rio-AC3A9reo-Frow-II-2-PT-FreijC3B3-e-Off-White-80-cm-9924-659147-3.jpg;https://static.mobly.com.br/p/2000x2000/p/Kappesberg-ArmC3A1rio-AC3A9reo-Frow-II-2-PT-FreijC3B3-e-Off-White-80-cm-9925-659147-4.jpg;Armário Cozinha
Cozinha Compacta Firenze II 6 PT 2 GV AmÃªndola e Branca;https://static.mobly.com.br/p/2000x2000/p/DemC3B3bile-Cozinha-Compacta-Firenze-II-6-PT-2-GV-AmC3AAndola-e-Branca-3333-799299-1.jpg;https://static.mobly.com.br/p/2000x2000/p/DemC3B3bile-Cozinha-Compacta-Firenze-II-6-PT-2-GV-AmC3AAndola-e-Branca-3334-799299-2.jpg;https://static.mobly.com.br/p/2000x2000/p/DemC3B3bile-Cozinha-Compacta-Firenze-II-6-PT-2-GV-AmC3AAndola-e-Branca-3335-799299-3.jpg;https://static.mobly.com.br/p/2000x2000/p/DemC3B3bile-Cozinha-Compacta-Firenze-II-6-PT-2-GV-AmC3AAndola-e-Branca-3336-799299-4.jpg;Kit Cozinha
Tampo de Cozinha Atena Teka 120 cm;https://static.mobly.com.br/p/2000x2000/p/Gralar-Tampo-de-Cozinha-Atena-Teka-120-cm-0475-5336111-1.jpg;https://static.mobly.com.br/p/2000x2000/p/Gralar-Tampo-de-Cozinha-Atena-Teka-120-cm-0476-5336111-2.jpg;https://static.mobly.com.br/p/2000x2000/p/Gralar-Tampo-de-Cozinha-Atena-Teka-120-cm-0477-5336111-3.jpg;;Mesa
Balcão de Cozinha com Tampo Botanic 2 PT 3 GV Fendi e Nogueira;https://static.mobly.com.br/p/2000x2000/p/Kappesberg-BalcC3A3o-de-Cozinha-com-Tampo-Botanic-2-PT-3-GV-Fendi-e-Nogueira-2455-3684001-1.jpg;https://static.mobly.com.br/p/2000x2000/p/Kappesberg-BalcC3A3o-de-Cozinha-com-Tampo-Botanic-2-PT-3-GV-Fendi-e-Nogueira-2456-3684001-2.jpg;https://static.mobly.com.br/p/2000x2000/p/Kappesberg-BalcC3A3o-de-Cozinha-com-Tampo-Botanic-2-PT-3-GV-Fendi-e-Nogueira-2457-3684001-3.jpg;https://static.mobly.com.br/p/2000x2000/p/Kappesberg-BalcC3A3o-de-Cozinha-com-Tampo-Botanic-2-PT-3-GV-Fendi-e-Nogueira-2458-3684001-4.jpg;Balcão de Cozinha
Paneleiro Conecta 4 PT ébabano e Branco 80 cm;https://static.mobly.com.br/p/2000x2000/p/GENIALFLEX-Paneleiro-Conecta-4-PT-C389bano-e-Branco-80-cm-9612-5729211-1.jpg;https://static.mobly.com.br/p/2000x2000/p/GENIALFLEX-Paneleiro-Conecta-4-PT-C389bano-e-Branco-80-cm-9613-5729211-2.jpg;https://static.mobly.com.br/p/2000x2000/p/GENIALFLEX-Paneleiro-Conecta-4-PT-C389bano-e-Branco-80-cm-9614-5729211-3.jpg;https://static.mobly.com.br/p/2000x2000/p/GENIALFLEX-Paneleiro-Conecta-4-PT-C389bano-e-Branco-80-cm-9615-5729211-4.jpg;Paneleiro
Cozinha Completa Madesa Reims 310001 com Armário e Balcão - Preto/Rustic;https://static.mobly.com.br/p/2000x2000/p/Madesa-Cozinha-Completa-Madesa-Reims-310001-com-ArmC3A1rio-e-BalcC3A3o---Preto2FRustic-9005-172867-1.jpg;https://static.mobly.com.br/p/2000x2000/p/Madesa-Cozinha-Completa-Madesa-Reims-310001-com-ArmC3A1rio-e-BalcC3A3o---Preto2FRustic-9007-172867-2.jpg;https://static.mobly.com.br/p/2000x2000/p/Madesa-Cozinha-Completa-Madesa-Reims-310001-com-ArmC3A1rio-e-BalcC3A3o---Preto2FRustic-9009-172867-3.jpg;https://static.mobly.com.br/p/2000x2000/p/Madesa-Cozinha-Completa-Madesa-Reims-310001-com-ArmC3A1rio-e-BalcC3A3o---Preto2FRustic-9011-172867-4.jpg;Armário Cozinha
Armário aéreoeo Chardonnay 3 PT Castanho e Branco;https://static.mobly.com.br/p/2000x2000/p/Ronipa-ArmC3A1rio-AC3A9reo-Chardonnay-3-PT-Castanho-e-Branco-0864-366637-1.jpg;https://static.mobly.com.br/p/2000x2000/p/Ronipa-ArmC3A1rio-AC3A9reo-Chardonnay-3-PT-Castanho-e-Branco-0863-366637-2.jpg;https://static.mobly.com.br/p/2000x2000/p/Ronipa-ArmC3A1rio-AC3A9reo-Chardonnay-3-PT-Castanho-e-Branco-7843-366637-3.jpg;https://static.mobly.com.br/p/2000x2000/p/Ronipa-ArmC3A1rio-AC3A9reo-Chardonnay-3-PT-Castanho-e-Branco-7845-366637-4.jpg;Armário Cozinha
Armário aéreoeo Iluminata 1 PT Branco 80 cm;https://static.mobly.com.br/p/2000x2000/p/GENIALFLEX-ArmC3A1rio-AC3A9reo-Iluminata-1-PT-Branco-80-cm-8226-1349401-1.jpg;https://static.mobly.com.br/p/2000x2000/p/GENIALFLEX-ArmC3A1rio-AC3A9reo-Iluminata-1-PT-Branco-80-cm-8227-1349401-2.jpg;https://static.mobly.com.br/p/2000x2000/p/GENIALFLEX-ArmC3A1rio-AC3A9reo-Iluminata-1-PT-Branco-80-cm-8228-1349401-3.jpg;https://static.mobly.com.br/p/2000x2000/p/GENIALFLEX-ArmC3A1rio-AC3A9reo-Iluminata-1-PT-Branco-80-cm-8230-1349401-4.jpg;Armário Cozinha
Balcão de Cozinha com Tampo Confort 2 PT 4 GV Grafite e Branco;https://static.mobly.com.br/p/2000x2000/p/BATROL-BalcC3A3o-de-Cozinha-com-Tampo-Confort-2-PT-4-GV-Grafite-e-Branco-3444-860879-1.jpg;https://static.mobly.com.br/p/2000x2000/p/BATROL-BalcC3A3o-de-Cozinha-com-Tampo-Confort-2-PT-4-GV-Grafite-e-Branco-3444-860879-2.jpg;https://static.mobly.com.br/p/2000x2000/p/BATROL-BalcC3A3o-de-Cozinha-com-Tampo-Confort-2-PT-4-GV-Grafite-e-Branco-3445-860879-3.jpg;;Balcão de Cozinha
Fruteira Curitiba 1 GV Preta;https://static.mobly.com.br/p/2000x2000/p/Arte-MC3B3veis-Fruteira-Curitiba-1-GV-Preta-4681-6951301-1.jpg;https://static.mobly.com.br/p/2000x2000/p/Arte-MC3B3veis-Fruteira-Curitiba-1-GV-Preta-4682-6951301-2.jpg;https://static.mobly.com.br/p/2000x2000/p/Arte-MC3B3veis-Fruteira-Curitiba-1-GV-Preta-4683-6951301-3.jpg;;Fruteira
Balcão de Cozinha Botanic 2 PT Nogueira e Verde Oliva;https://static.mobly.com.br/p/2000x2000/p/Kappesberg-BalcC3A3o-de-Cozinha-Botanic-2-PT-Nogueira-e-Verde-Oliva-3184-127599-1.jpg;https://static.mobly.com.br/p/2000x2000/p/Kappesberg-BalcC3A3o-de-Cozinha-Botanic-2-PT-Nogueira-e-Verde-Oliva-3186-127599-2.jpg;https://static.mobly.com.br/p/2000x2000/p/Kappesberg-BalcC3A3o-de-Cozinha-Botanic-2-PT-Nogueira-e-Verde-Oliva-3187-127599-3.jpg;https://static.mobly.com.br/p/2000x2000/p/Kappesberg-BalcC3A3o-de-Cozinha-Botanic-2-PT-Nogueira-e-Verde-Oliva-3188-127599-4.jpg;Balcão de Cozinha
Cozinha Compacta Malbec Prime 12 PT 2 GV Castanho e Chumbo;https://static.mobly.com.br/p/2000x2000/p/Ronipa-Cozinha-Compacta-Malbec-Prime-12-PT-2-GV-Castanho-e-Chumbo-9005-268367-1.jpg;https://static.mobly.com.br/p/2000x2000/p/Ronipa-Cozinha-Compacta-Malbec-Prime-12-PT-2-GV-Castanho-e-Chumbo-5246-268367-2.jpg;https://static.mobly.com.br/p/2000x2000/p/Ronipa-Cozinha-Compacta-Malbec-Prime-12-PT-2-GV-Castanho-e-Chumbo-5207-268367-3.jpg;https://static.mobly.com.br/p/2000x2000/p/Ronipa-Cozinha-Compacta-Malbec-Prime-12-PT-2-GV-Castanho-e-Chumbo-5246-268367-4.jpg;Kit Cozinha
Balcão de Cozinha Frow PT FreijÃ³;https://static.mobly.com.br/p/2000x2000/p/Kappesberg-BalcC3A3o-de-Cozinha-Frow-PT-FreijC3B3-1671-249147-1.jpg;https://static.mobly.com.br/p/2000x2000/p/Kappesberg-BalcC3A3o-de-Cozinha-Frow-PT-FreijC3B3-1669-249147-2.jpg;https://static.mobly.com.br/p/2000x2000/p/Kappesberg-BalcC3A3o-de-Cozinha-Frow-PT-FreijC3B3-1668-249147-3.jpg;;Balcão de Cozinha
Armário MultiÃºso com Mesa GoiÃ¡s 2 PT Branco;https://static.mobly.com.br/p/2000x2000/p/Politorno-ArmC3A1rio-MultiC3BAso-com-Mesa-GoiC3A1s-2-PT-Branco-5775-959762-1.jpg;https://static.mobly.com.br/p/2000x2000/p/Politorno-ArmC3A1rio-MultiC3BAso-com-Mesa-GoiC3A1s-2-PT-Branco-8175-959762-2.jpg;https://static.mobly.com.br/p/2000x2000/p/Politorno-ArmC3A1rio-MultiC3BAso-com-Mesa-GoiC3A1s-2-PT-Branco-8175-959762-3.jpg;https://static.mobly.com.br/p/2000x2000/p/Politorno-ArmC3A1rio-MultiC3BAso-com-Mesa-GoiC3A1s-2-PT-Branco-8175-959762-4.jpg;Armário Cozinha
Balcão de Cozinha com Tampo CarmÃ©nere 3 PT 2 GV Castanho e Chumbo;https://static.mobly.com.br/p/2000x2000/p/Ronipa-BalcC3A3o-de-Cozinha-com-Tampo-CarmC3A9nere-3-PT-2-GV-Castanho-e-Chumbo-7683-207637-1.jpg;https://static.mobly.com.br/p/2000x2000/p/Ronipa-BalcC3A3o-de-Cozinha-com-Tampo-CarmC3A9nere-3-PT-2-GV-Castanho-e-Chumbo-0359-207637-2.jpg;https://static.mobly.com.br/p/2000x2000/p/Ronipa-BalcC3A3o-de-Cozinha-com-Tampo-CarmC3A9nere-3-PT-2-GV-Castanho-e-Chumbo-7683-207637-3.jpg;https://static.mobly.com.br/p/2000x2000/p/Ronipa-BalcC3A3o-de-Cozinha-com-Tampo-CarmC3A9nere-3-PT-2-GV-Castanho-e-Chumbo-7683-207637-4.jpg;Armário Cozinha
Armário para Micro-ondas Asti 1 PT Branco;https://static.mobly.com.br/p/2000x2000/p/BRV-MC3B3veis-ArmC3A1rio-para-Micro-ondas-Asti-1-PT-Branco-4638-63321-1.jpg;https://static.mobly.com.br/p/2000x2000/p/BRV-MC3B3veis-ArmC3A1rio-para-Micro-ondas-Asti-1-PT-Branco-4633-63321-2.jpg;https://static.mobly.com.br/p/2000x2000/p/BRV-MC3B3veis-ArmC3A1rio-para-Micro-ondas-Asti-1-PT-Branco-4635-63321-3.jpg;https://static.mobly.com.br/p/2000x2000/p/BRV-MC3B3veis-ArmC3A1rio-para-Micro-ondas-Asti-1-PT-Branco-4637-63321-4.jpg;Armário Cozinha
Balcão de Cozinha Bruges com Tampo 1 PT FreijÃ³ e Off White 60 cm;https://static.mobly.com.br/p/2000x2000/p/Kappesberg-BalcC3A3o-de-Cozinha-Bruges-com-Tampo-1-PT-FreijC3B3-e-Off-White-60-cm-5252-788188-1.jpg;https://static.mobly.com.br/p/2000x2000/p/Kappesberg-BalcC3A3o-de-Cozinha-Bruges-com-Tampo-1-PT-FreijC3B3-e-Off-White-60-cm-5254-788188-2.jpg;https://static.mobly.com.br/p/2000x2000/p/Kappesberg-BalcC3A3o-de-Cozinha-Bruges-com-Tampo-1-PT-FreijC3B3-e-Off-White-60-cm-5255-788188-3.jpg;;Balcão de Cozinha
Balcão de Cozinha Iluminata 2 PT 3 GV Branco 120 cm;https://static.mobly.com.br/p/2000x2000/p/GENIALFLEX-BalcC3A3o-de-Cozinha-Iluminata-2-PT-3-GV-Branco-120-cm-6011-8469301-1.jpg;https://static.mobly.com.br/p/2000x2000/p/GENIALFLEX-BalcC3A3o-de-Cozinha-Iluminata-2-PT-3-GV-Branco-120-cm-0293-8469301-2.jpg;https://static.mobly.com.br/p/2000x2000/p/GENIALFLEX-BalcC3A3o-de-Cozinha-Iluminata-2-PT-3-GV-Branco-120-cm-0294-8469301-3.jpg;https://static.mobly.com.br/p/2000x2000/p/GENIALFLEX-BalcC3A3o-de-Cozinha-Iluminata-2-PT-3-GV-Branco-120-cm-0295-8469301-4.jpg;Balcão de Cozinha
Paneleiro Chardonnay 2 PT Castanho e Branco;https://static.mobly.com.br/p/2000x2000/p/Ronipa-Paneleiro-Chardonnay-2-PT-Castanho-e-Branco-2086-966637-1.jpg;https://static.mobly.com.br/p/2000x2000/p/Ronipa-Paneleiro-Chardonnay-2-PT-Castanho-e-Branco-2085-966637-2.jpg;https://static.mobly.com.br/p/2000x2000/p/Ronipa-Paneleiro-Chardonnay-2-PT-Castanho-e-Branco-2089-966637-3.jpg;;Paneleiro
Balcão de Cozinha com Tampo New 2 PT 1 GV Tannat e Branco;https://static.mobly.com.br/p/2000x2000/p/BATROL-BalcC3A3o-de-Cozinha-com-Tampo-New-2-PT-1-GV-Tannat-e-Branco-4941-7290211-1.jpg;https://static.mobly.com.br/p/2000x2000/p/BATROL-BalcC3A3o-de-Cozinha-com-Tampo-New-2-PT-1-GV-Tannat-e-Branco-4943-7290211-2.jpg;https://static.mobly.com.br/p/2000x2000/p/BATROL-BalcC3A3o-de-Cozinha-com-Tampo-New-2-PT-1-GV-Tannat-e-Branco-4946-7290211-3.jpg;https://static.mobly.com.br/p/2000x2000/p/BATROL-BalcC3A3o-de-Cozinha-com-Tampo-New-2-PT-1-GV-Tannat-e-Branco-4948-7290211-4.jpg;Balcão de Cozinha
Paneleiro Duplo Forno Firenze 4 PT Avena;https://static.mobly.com.br/p/2000x2000/p/DemC3B3bile-Paneleiro-Duplo-Forno-Firenze-4-PT-Avena-2746-4442001-1.jpg;https://static.mobly.com.br/p/2000x2000/p/DemC3B3bile-Paneleiro-Duplo-Forno-Firenze-4-PT-Avena-2747-4442001-2.jpg;https://static.mobly.com.br/p/2000x2000/p/DemC3B3bile-Paneleiro-Duplo-Forno-Firenze-4-PT-Avena-2748-4442001-3.jpg;https://static.mobly.com.br/p/2000x2000/p/DemC3B3bile-Paneleiro-Duplo-Forno-Firenze-4-PT-Avena-2749-4442001-4.jpg;Paneleiro
Armário aéreoeo Napoli Prime 1 PT Castanho e Branco;https://static.mobly.com.br/p/2000x2000/p/Ronipa-ArmC3A1rio-AC3A9reo-Napoli-Prime-1-PT-Castanho-e-Branco-1015-220667-1.jpg;https://static.mobly.com.br/p/2000x2000/p/Ronipa-ArmC3A1rio-AC3A9reo-Napoli-Prime-1-PT-Castanho-e-Branco-1016-220667-2.jpg;https://static.mobly.com.br/p/2000x2000/p/Ronipa-ArmC3A1rio-AC3A9reo-Napoli-Prime-1-PT-Castanho-e-Branco-1014-220667-3.jpg;https://static.mobly.com.br/p/2000x2000/p/Ronipa-ArmC3A1rio-AC3A9reo-Napoli-Prime-1-PT-Castanho-e-Branco-1021-220667-4.jpg;Armário Cozinha
Fruteira Curitiba 1 GV Branca;https://static.mobly.com.br/p/2000x2000/p/Arte-MC3B3veis-Fruteira-Curitiba-1-GV-Branca-4700-3951301-1.jpg;https://static.mobly.com.br/p/2000x2000/p/Arte-MC3B3veis-Fruteira-Curitiba-1-GV-Branca-4701-3951301-2.jpg;https://static.mobly.com.br/p/2000x2000/p/Arte-MC3B3veis-Fruteira-Curitiba-1-GV-Branca-4702-3951301-3.jpg;;Fruteira
Armário aéreoeo Botanic com Tela 2 PT Nogueira 80 cm;https://static.mobly.com.br/p/2000x2000/p/Kappesberg-ArmC3A1rio-AC3A9reo-Botanic-com-Tela-2-PT-Nogueira-80-cm-3861-927599-1.jpg;https://static.mobly.com.br/p/2000x2000/p/Kappesberg-ArmC3A1rio-AC3A9reo-Botanic-com-Tela-2-PT-Nogueira-80-cm-3865-927599-2.jpg;https://static.mobly.com.br/p/2000x2000/p/Kappesberg-ArmC3A1rio-AC3A9reo-Botanic-com-Tela-2-PT-Nogueira-80-cm-3850-927599-3.jpg;https://static.mobly.com.br/p/2000x2000/p/Kappesberg-ArmC3A1rio-AC3A9reo-Botanic-com-Tela-2-PT-Nogueira-80-cm-3852-927599-4.jpg;Armário Cozinha
Armário de Cozinha Simple 1 PT Branco;https://static.mobly.com.br/p/2000x2000/p/Mobly-ArmC3A1rio-de-Cozinha-Simple-1-PT-Branco-3344-164699-1.jpg;https://static.mobly.com.br/p/2000x2000/p/Mobly-ArmC3A1rio-de-Cozinha-Simple-1-PT-Branco-3345-164699-2.jpg;https://static.mobly.com.br/p/2000x2000/p/Mobly-ArmC3A1rio-de-Cozinha-Simple-1-PT-Branco-3346-164699-3.jpg;https://static.mobly.com.br/p/2000x2000/p/Mobly-ArmC3A1rio-de-Cozinha-Simple-1-PT-Branco-3347-164699-4.jpg;Armário Cozinha
Paneleiro Nox 2 PT Ã”nix e Steel;https://static.mobly.com.br/p/2000x2000/p/Kappesberg-Paneleiro-Nox-2-PT-C394nix-e-Steel-1505-276119-1.jpg;https://static.mobly.com.br/p/2000x2000/p/Kappesberg-Paneleiro-Nox-2-PT-C394nix-e-Steel-1506-276119-2.jpg;https://static.mobly.com.br/p/2000x2000/p/Kappesberg-Paneleiro-Nox-2-PT-C394nix-e-Steel-1507-276119-3.jpg;;Paneleiro
Balcão de Cozinha Cheff Master com Tampo 2 PT Tannah e Branco;https://static.mobly.com.br/p/2000x2000/p/BATROL-BalcC3A3o-de-Cozinha-Cheff-Master-com-Tampo-2-PT--Tannah-e-Branco-5391-243016-1.jpg;https://static.mobly.com.br/p/2000x2000/p/BATROL-BalcC3A3o-de-Cozinha-Cheff-Master-com-Tampo-2-PT--Tannah-e-Branco-5392-243016-2.jpg;https://static.mobly.com.br/p/2000x2000/p/BATROL-BalcC3A3o-de-Cozinha-Cheff-Master-com-Tampo-2-PT--Tannah-e-Branco-5394-243016-3.jpg;https://static.mobly.com.br/p/2000x2000/p/BATROL-BalcC3A3o-de-Cozinha-Cheff-Master-com-Tampo-2-PT--Tannah-e-Branco-5396-243016-4.jpg;Balcão de Cozinha
Paneleiro Napoli Prime 4 PT Castanho e Chumbo;https://static.mobly.com.br/p/2000x2000/p/Ronipa-Paneleiro-Napoli-Prime-4-PT-Castanho-e-Chumbo-4385-757489-1.jpg;https://static.mobly.com.br/p/2000x2000/p/Ronipa-Paneleiro-Napoli-Prime-4-PT-Castanho-e-Chumbo-4383-757489-2.jpg;https://static.mobly.com.br/p/2000x2000/p/Ronipa-Paneleiro-Napoli-Prime-4-PT-Castanho-e-Chumbo-4384-757489-3.jpg;https://static.mobly.com.br/p/2000x2000/p/Ronipa-Paneleiro-Napoli-Prime-4-PT-Castanho-e-Chumbo-4391-757489-4.jpg;Paneleiro
Armário aéreoeo Max 1 PT Branco;https://static.mobly.com.br/p/2000x2000/p/Arte-MC3B3veis-ArmC3A1rio-AC3A9reo-Max-1-PT-Branco-2916-4558411-1.jpg;https://static.mobly.com.br/p/2000x2000/p/Arte-MC3B3veis-ArmC3A1rio-AC3A9reo-Max-1-PT-Branco-2918-4558411-2.jpg;https://static.mobly.com.br/p/2000x2000/p/Arte-MC3B3veis-ArmC3A1rio-AC3A9reo-Max-1-PT-Branco-2919-4558411-3.jpg;https://static.mobly.com.br/p/2000x2000/p/Arte-MC3B3veis-ArmC3A1rio-AC3A9reo-Max-1-PT-Branco-2920-4558411-4.jpg;Armário Cozinha
Armário aéreoeo Max 1 PT Branco e Preto;https://static.mobly.com.br/p/2000x2000/p/Arte-MC3B3veis-ArmC3A1rio-AC3A9reo-Max-1-PT-Branco-e-Preto-2910-5558411-1.jpg;https://static.mobly.com.br/p/2000x2000/p/Arte-MC3B3veis-ArmC3A1rio-AC3A9reo-Max-1-PT-Branco-e-Preto-2911-5558411-2.jpg;https://static.mobly.com.br/p/2000x2000/p/Arte-MC3B3veis-ArmC3A1rio-AC3A9reo-Max-1-PT-Branco-e-Preto-2913-5558411-3.jpg;https://static.mobly.com.br/p/2000x2000/p/Arte-MC3B3veis-ArmC3A1rio-AC3A9reo-Max-1-PT-Branco-e-Preto-2914-5558411-4.jpg;Armário Cozinha
Balcão para Micro-Ondas com Fruteira Adriana 1 PT Branco;https://static.mobly.com.br/p/2000x2000/p/Genial-Flex-BalcC3A3o-para-Micro-Ondas-com-Fruteira-Adriana-1-PT-Branco-5161-235506-1.jpg;https://static.mobly.com.br/p/2000x2000/p/Genial-Flex-BalcC3A3o-para-Micro-Ondas-com-Fruteira-Adriana-1-PT-Branco-5162-235506-2.jpg;https://static.mobly.com.br/p/2000x2000/p/Genial-Flex-BalcC3A3o-para-Micro-Ondas-com-Fruteira-Adriana-1-PT-Branco-5163-235506-3.jpg;https://static.mobly.com.br/p/2000x2000/p/Genial-Flex-BalcC3A3o-para-Micro-Ondas-com-Fruteira-Adriana-1-PT-Branco-5165-235506-4.jpg;Fruteira
Armário aéreoeo Max 1 PT FreijÃ³ e Branco;https://static.mobly.com.br/p/2000x2000/p/Arte-MC3B3veis-ArmC3A1rio-AC3A9reo-Max-1-PT-FreijC3B3-e-Branco-2897-7558411-1.jpg;https://static.mobly.com.br/p/2000x2000/p/Arte-MC3B3veis-ArmC3A1rio-AC3A9reo-Max-1-PT-FreijC3B3-e-Branco-2898-7558411-2.jpg;https://static.mobly.com.br/p/2000x2000/p/Arte-MC3B3veis-ArmC3A1rio-AC3A9reo-Max-1-PT-FreijC3B3-e-Branco-2900-7558411-3.jpg;https://static.mobly.com.br/p/2000x2000/p/Arte-MC3B3veis-ArmC3A1rio-AC3A9reo-Max-1-PT-FreijC3B3-e-Branco-2901-7558411-4.jpg;Armário Cozinha
Paneleiro Chardonnay 4 PT Castanho e Chumbo;https://static.mobly.com.br/p/2000x2000/p/Ronipa-Paneleiro-Chardonnay-4-PT-Castanho-e-Chumbo-9647-6079301-1.jpg;https://static.mobly.com.br/p/2000x2000/p/Ronipa-Paneleiro-Chardonnay-4-PT-Castanho-e-Chumbo-9648-6079301-2.jpg;https://static.mobly.com.br/p/2000x2000/p/Ronipa-Paneleiro-Chardonnay-4-PT-Castanho-e-Chumbo-9615-6079301-3.jpg;https://static.mobly.com.br/p/2000x2000/p/Ronipa-Paneleiro-Chardonnay-4-PT-Castanho-e-Chumbo-9616-6079301-4.jpg;Paneleiro
Armário aéreoeo Max 1 PT FreijÃ³ e Grafite;https://static.mobly.com.br/p/2000x2000/p/Arte-MC3B3veis-ArmC3A1rio-AC3A9reo-Max-1-PT-FreijC3B3-e-Grafite-2891-8558411-1.jpg;https://static.mobly.com.br/p/2000x2000/p/Arte-MC3B3veis-ArmC3A1rio-AC3A9reo-Max-1-PT-FreijC3B3-e-Grafite-2893-8558411-2.jpg;https://static.mobly.com.br/p/2000x2000/p/Arte-MC3B3veis-ArmC3A1rio-AC3A9reo-Max-1-PT-FreijC3B3-e-Grafite-2894-8558411-3.jpg;https://static.mobly.com.br/p/2000x2000/p/Arte-MC3B3veis-ArmC3A1rio-AC3A9reo-Max-1-PT-FreijC3B3-e-Grafite-2895-8558411-4.jpg;Armário Cozinha
Balcão de Cozinha com Tampo Evidence 1 PT Branco 40 cm;https://static.mobly.com.br/p/2000x2000/p/Poliman-BalcC3A3o-de-Cozinha-com-Tampo-Evidence-1-PT-Branco-40-cm-5532-9379401-1.jpg;https://static.mobly.com.br/p/2000x2000/p/Poliman-BalcC3A3o-de-Cozinha-com-Tampo-Evidence-1-PT-Branco-40-cm-5533-9379401-2.jpg;https://static.mobly.com.br/p/2000x2000/p/Poliman-BalcC3A3o-de-Cozinha-com-Tampo-Evidence-1-PT-Branco-40-cm-5534-9379401-3.jpg;https://static.mobly.com.br/p/2000x2000/p/Poliman-BalcC3A3o-de-Cozinha-com-Tampo-Evidence-1-PT-Branco-40-cm-5535-9379401-4.jpg;Balcão de Cozinha
Armário aéreoeo Max 1 PT Preto;https://static.mobly.com.br/p/2000x2000/p/Arte-MC3B3veis-ArmC3A1rio-AC3A9reo-Max-1-PT-Preto-2885-9558411-1.jpg;https://static.mobly.com.br/p/2000x2000/p/Arte-MC3B3veis-ArmC3A1rio-AC3A9reo-Max-1-PT-Preto-2887-9558411-2.jpg;https://static.mobly.com.br/p/2000x2000/p/Arte-MC3B3veis-ArmC3A1rio-AC3A9reo-Max-1-PT-Preto-2888-9558411-3.jpg;https://static.mobly.com.br/p/2000x2000/p/Arte-MC3B3veis-ArmC3A1rio-AC3A9reo-Max-1-PT-Preto-2889-9558411-4.jpg;Armário Cozinha
Cozinha Compacta Vini 2 PT Preta;https://static.mobly.com.br/p/2000x2000/p/Patrimar-Cozinha-Compacta-Vini-2-PT-Preta-3315-130866-1.jpg;https://static.mobly.com.br/p/2000x2000/p/Patrimar-Cozinha-Compacta-Vini-2-PT-Preta-9096-130866-2.jpg;https://static.mobly.com.br/p/2000x2000/p/Patrimar-Cozinha-Compacta-Vini-2-PT-Preta-9097-130866-3.jpg;https://static.mobly.com.br/p/2000x2000/p/Patrimar-Cozinha-Compacta-Vini-2-PT-Preta-3767-130866-4.jpg;Kit Cozinha
Fruteira ParanÃ¡ com Cestos 1 PT Branca;https://static.mobly.com.br/p/2000x2000/p/Arte-MC3B3veis-Fruteira-ParanC3A1-com-Cestos-1-PT-Branca-2880-0658411-1.jpg;https://static.mobly.com.br/p/2000x2000/p/Arte-MC3B3veis-Fruteira-ParanC3A1-com-Cestos-1-PT-Branca-2881-0658411-2.jpg;https://static.mobly.com.br/p/2000x2000/p/Arte-MC3B3veis-Fruteira-ParanC3A1-com-Cestos-1-PT-Branca-2882-0658411-3.jpg;https://static.mobly.com.br/p/2000x2000/p/Arte-MC3B3veis-Fruteira-ParanC3A1-com-Cestos-1-PT-Branca-2883-0658411-4.jpg;Fruteira
Fruteira ParanÃ¡ com Cestos 1 PT Branca e Preta;https://static.mobly.com.br/p/2000x2000/p/Arte-MC3B3veis-Fruteira-ParanC3A1-com-Cestos-1-PT-Branca-e-Preta-2872-1658411-1.jpg;https://static.mobly.com.br/p/2000x2000/p/Arte-MC3B3veis-Fruteira-ParanC3A1-com-Cestos-1-PT-Branca-e-Preta-2876-1658411-2.jpg;https://static.mobly.com.br/p/2000x2000/p/Arte-MC3B3veis-Fruteira-ParanC3A1-com-Cestos-1-PT-Branca-e-Preta-2877-1658411-3.jpg;https://static.mobly.com.br/p/2000x2000/p/Arte-MC3B3veis-Fruteira-ParanC3A1-com-Cestos-1-PT-Branca-e-Preta-2878-1658411-4.jpg;Fruteira
Paneleiro Napoli Prime 4 PT Castanho e Branco;https://static.mobly.com.br/p/2000x2000/p/Ronipa-Paneleiro-Napoli-Prime-4-PT-Castanho-e-Branco-0352-217637-1.jpg;https://static.mobly.com.br/p/2000x2000/p/Ronipa-Paneleiro-Napoli-Prime-4-PT-Castanho-e-Branco-0353-217637-2.jpg;https://static.mobly.com.br/p/2000x2000/p/Ronipa-Paneleiro-Napoli-Prime-4-PT-Castanho-e-Branco-0351-217637-3.jpg;https://static.mobly.com.br/p/2000x2000/p/Ronipa-Paneleiro-Napoli-Prime-4-PT-Castanho-e-Branco-0359-217637-4.jpg;Paneleiro
Fruteira ParanÃ¡ com Cestos 1 PT IpÃª e Off White;https://static.mobly.com.br/p/2000x2000/p/Arte-MC3B3veis-Fruteira-ParanC3A1-com-Cestos-1-PT-IpC3AA-e-Off-White-2866-2658411-1.jpg;https://static.mobly.com.br/p/2000x2000/p/Arte-MC3B3veis-Fruteira-ParanC3A1-com-Cestos-1-PT-IpC3AA-e-Off-White-2867-2658411-2.jpg;https://static.mobly.com.br/p/2000x2000/p/Arte-MC3B3veis-Fruteira-ParanC3A1-com-Cestos-1-PT-IpC3AA-e-Off-White-2869-2658411-3.jpg;https://static.mobly.com.br/p/2000x2000/p/Arte-MC3B3veis-Fruteira-ParanC3A1-com-Cestos-1-PT-IpC3AA-e-Off-White-2870-2658411-4.jpg;Fruteira
Armário aéreoeo Iluminata 2 PT Branco 80 cm;https://static.mobly.com.br/p/2000x2000/p/GENIALFLEX-ArmC3A1rio-AC3A9reo-Iluminata-2-PT-Branco-80-cm-0338-1469301-1.jpg;https://static.mobly.com.br/p/2000x2000/p/GENIALFLEX-ArmC3A1rio-AC3A9reo-Iluminata-2-PT-Branco-80-cm-0339-1469301-2.jpg;https://static.mobly.com.br/p/2000x2000/p/GENIALFLEX-ArmC3A1rio-AC3A9reo-Iluminata-2-PT-Branco-80-cm-0341-1469301-3.jpg;https://static.mobly.com.br/p/2000x2000/p/GENIALFLEX-ArmC3A1rio-AC3A9reo-Iluminata-2-PT-Branco-80-cm-0342-1469301-4.jpg;Armário Cozinha
Balcão de Cozinha com Tampo Omega 2 PT 1 GV FreijÃ³ e Grafite;https://static.mobly.com.br/p/2000x2000/p/Arte-MC3B3veis-BalcC3A3o-de-Cozinha-com-Tampo-Omega-2-PT-1-GV-FreijC3B3-e-Grafite-2842-6658411-1.jpg;https://static.mobly.com.br/p/2000x2000/p/Arte-MC3B3veis-BalcC3A3o-de-Cozinha-com-Tampo-Omega-2-PT-1-GV-FreijC3B3-e-Grafite-2843-6658411-2.jpg;https://static.mobly.com.br/p/2000x2000/p/Arte-MC3B3veis-BalcC3A3o-de-Cozinha-com-Tampo-Omega-2-PT-1-GV-FreijC3B3-e-Grafite-2844-6658411-3.jpg;https://static.mobly.com.br/p/2000x2000/p/Arte-MC3B3veis-BalcC3A3o-de-Cozinha-com-Tampo-Omega-2-PT-1-GV-FreijC3B3-e-Grafite-2846-6658411-4.jpg;Balcão de Cozinha
Balcão de Cozinha Evidence 2 PT Branco;https://static.mobly.com.br/p/2000x2000/p/Poliman-BalcC3A3o-de-Cozinha-Evidence-2-PT-Branco-2474-109429-1.jpg;https://static.mobly.com.br/p/2000x2000/p/Poliman-BalcC3A3o-de-Cozinha-Evidence-2-PT-Branco-0727-109429-2.jpg;https://static.mobly.com.br/p/2000x2000/p/Poliman-BalcC3A3o-de-Cozinha-Evidence-2-PT-Branco-0728-109429-3.jpg;https://static.mobly.com.br/p/2000x2000/p/Poliman-BalcC3A3o-de-Cozinha-Evidence-2-PT-Branco-8664-109429-4.jpg;Balcão de Cozinha
Bancada SiriÃº Retangular FreijÃ³ e Preta;https://static.mobly.com.br/p/2000x2000/p/Crome-Bancada-SiriC3BA-Retangular-FreijC3B3-e-Preta-4794-000728-1.jpg;https://static.mobly.com.br/p/2000x2000/p/Crome-Bancada-SiriC3BA-Retangular-FreijC3B3-e-Preta-4796-000728-2.jpg;https://static.mobly.com.br/p/2000x2000/p/Crome-Bancada-SiriC3BA-Retangular-FreijC3B3-e-Preta-4797-000728-3.jpg;;Bancada
Armário aéreoeo Evolution III 1 PT Tannah e Branco;https://static.mobly.com.br/p/2000x2000/p/BATROL-ArmC3A1rio-AC3A9reo-Evolution-III-1-PT-Tannah-e-Branco-3479-023016-1.jpg;https://static.mobly.com.br/p/2000x2000/p/BATROL-ArmC3A1rio-AC3A9reo-Evolution-III-1-PT-Tannah-e-Branco-3480-023016-2.jpg;https://static.mobly.com.br/p/2000x2000/p/BATROL-ArmC3A1rio-AC3A9reo-Evolution-III-1-PT-Tannah-e-Branco-3481-023016-3.jpg;https://static.mobly.com.br/p/2000x2000/p/BATROL-ArmC3A1rio-AC3A9reo-Evolution-III-1-PT-Tannah-e-Branco-3482-023016-4.jpg;Armário Cozinha
Armário aéreoeo Evidence 1 PT Branco 40 cm;https://static.mobly.com.br/p/2000x2000/p/Poliman-ArmC3A1rio-AC3A9reo-Evidence-1-PT-Branco-40-cm-5524-1479401-1.jpg;https://static.mobly.com.br/p/2000x2000/p/Poliman-ArmC3A1rio-AC3A9reo-Evidence-1-PT-Branco-40-cm-5525-1479401-2.jpg;https://static.mobly.com.br/p/2000x2000/p/Poliman-ArmC3A1rio-AC3A9reo-Evidence-1-PT-Branco-40-cm-5526-1479401-3.jpg;https://static.mobly.com.br/p/2000x2000/p/Poliman-ArmC3A1rio-AC3A9reo-Evidence-1-PT-Branco-40-cm-5527-1479401-4.jpg;Armário Cozinha
Armário aéreoeo com Espelho Chardonnay 3 PT Castanho e Branco;https://static.mobly.com.br/p/2000x2000/p/Ronipa-ArmC3A1rio-AC3A9reo-com-Espelho-Chardonnay-3-PT-Castanho-e-Branco-1799-566637-1.jpg;https://static.mobly.com.br/p/2000x2000/p/Ronipa-ArmC3A1rio-AC3A9reo-com-Espelho-Chardonnay-3-PT-Castanho-e-Branco-1798-566637-2.jpg;https://static.mobly.com.br/p/2000x2000/p/Ronipa-ArmC3A1rio-AC3A9reo-com-Espelho-Chardonnay-3-PT-Castanho-e-Branco-8085-566637-3.jpg;https://static.mobly.com.br/p/2000x2000/p/Ronipa-ArmC3A1rio-AC3A9reo-com-Espelho-Chardonnay-3-PT-Castanho-e-Branco-8088-566637-4.jpg;Armário Cozinha
Balcão de Cozinha com Tampo Top Class 2 PT Branco;https://static.mobly.com.br/p/2000x2000/p/BATROL-BalcC3A3o-de-Cozinha-com-Tampo-Top-Class-2-PT-Branco-0728-6275601-1.jpg;https://static.mobly.com.br/p/2000x2000/p/BATROL-BalcC3A3o-de-Cozinha-com-Tampo-Top-Class-2-PT-Branco-0729-6275601-2.jpg;https://static.mobly.com.br/p/2000x2000/p/BATROL-BalcC3A3o-de-Cozinha-com-Tampo-Top-Class-2-PT-Branco-0730-6275601-3.jpg;https://static.mobly.com.br/p/2000x2000/p/BATROL-BalcC3A3o-de-Cozinha-com-Tampo-Top-Class-2-PT-Branco-0731-6275601-4.jpg;Balcão de Cozinha
Armário de Cozinha Completa 270cm Rustic/Crema Agata Madesa 03;https://static.mobly.com.br/p/2000x2000/p/Madesa-ArmC3A1rio-de-Cozinha-Completa-270cm-Rustic2FCrema-Agata-Madesa-03-4689-0877311-1.jpg;https://static.mobly.com.br/p/2000x2000/p/Madesa-ArmC3A1rio-de-Cozinha-Completa-270cm-Rustic2FCrema-Agata-Madesa-03-4690-0877311-2.jpg;https://static.mobly.com.br/p/2000x2000/p/Madesa-ArmC3A1rio-de-Cozinha-Completa-270cm-Rustic2FCrema-Agata-Madesa-03-4691-0877311-3.jpg;https://static.mobly.com.br/p/2000x2000/p/Madesa-ArmC3A1rio-de-Cozinha-Completa-270cm-Rustic2FCrema-Agata-Madesa-03-4692-0877311-4.jpg;Armário Cozinha
Fruteira Cris Branca Artefarmol;https://static.mobly.com.br/p/2000x2000/p/Modern-Fruteira-Cris-Branca-Artefarmol-8170-961004-1.jpg;https://static.mobly.com.br/p/2000x2000/p/Modern-Fruteira-Cris-Branca-Artefarmol-8175-961004-2.jpg;https://static.mobly.com.br/p/2000x2000/p/Modern-Fruteira-Cris-Branca-Artefarmol-8170-961004-3.jpg;https://static.mobly.com.br/p/2000x2000/p/Modern-Fruteira-Cris-Branca-Artefarmol-8170-961004-4.jpg;Armário Cozinha
Paneleiro Iluminata para Forno 2 PT 1 GV Branco e ébabano;https://static.mobly.com.br/p/2000x2000/p/GENIALFLEX-Paneleiro-Iluminata-para-Forno-2-PT-1-GV-Branco-e-C389bano-8180-3449401-1.jpg;https://static.mobly.com.br/p/2000x2000/p/GENIALFLEX-Paneleiro-Iluminata-para-Forno-2-PT-1-GV-Branco-e-C389bano-8181-3449401-2.jpg;https://static.mobly.com.br/p/2000x2000/p/GENIALFLEX-Paneleiro-Iluminata-para-Forno-2-PT-1-GV-Branco-e-C389bano-8182-3449401-3.jpg;;Paneleiro
Balcão de Cozinha Frow 2 PT FreijÃ³ e Off White;https://static.mobly.com.br/p/2000x2000/p/Kappesberg-BalcC3A3o-de-Cozinha-Frow-2-PT-FreijC3B3-e-Off-White-1692-549147-1.jpg;https://static.mobly.com.br/p/2000x2000/p/Kappesberg-BalcC3A3o-de-Cozinha-Frow-2-PT-FreijC3B3-e-Off-White-1695-549147-2.jpg;https://static.mobly.com.br/p/2000x2000/p/Kappesberg-BalcC3A3o-de-Cozinha-Frow-2-PT-FreijC3B3-e-Off-White-1696-549147-3.jpg;;Balcão de Cozinha
Cozinha Completa Madesa Reims 310001 com Armário e Balcão - Branco;https://static.mobly.com.br/p/2000x2000/p/Madesa-Cozinha-Completa-Madesa-Reims-310001-com-ArmC3A1rio-e-BalcC3A3o---Branco-8693-653867-1.jpg;https://static.mobly.com.br/p/2000x2000/p/Madesa-Cozinha-Completa-Madesa-Reims-310001-com-ArmC3A1rio-e-BalcC3A3o---Branco-8695-653867-2.jpg;https://static.mobly.com.br/p/2000x2000/p/Madesa-Cozinha-Completa-Madesa-Reims-310001-com-ArmC3A1rio-e-BalcC3A3o---Branco-8698-653867-3.jpg;https://static.mobly.com.br/p/2000x2000/p/Madesa-Cozinha-Completa-Madesa-Reims-310001-com-ArmC3A1rio-e-BalcC3A3o---Branco-8701-653867-4.jpg;Armário Cozinha
Armário aéreoeo Cook 2 PT Aveiro e Branco 70 cm;https://static.mobly.com.br/p/2000x2000/p/BE-MobiliC3A1rio-Inteligente-ArmC3A1rio-AC3A9reo-Cook-2-PT-Aveiro-e-Branco-70-cm-5152-818926-1.jpg;https://static.mobly.com.br/p/2000x2000/p/BE-MobiliC3A1rio-Inteligente-ArmC3A1rio-AC3A9reo-Cook-2-PT-Aveiro-e-Branco-70-cm-5152-818926-2.jpg;https://static.mobly.com.br/p/2000x2000/p/BE-MobiliC3A1rio-Inteligente-ArmC3A1rio-AC3A9reo-Cook-2-PT-Aveiro-e-Branco-70-cm-5152-818926-3.jpg;https://static.mobly.com.br/p/2000x2000/p/BE-MobiliC3A1rio-Inteligente-ArmC3A1rio-AC3A9reo-Cook-2-PT-Aveiro-e-Branco-70-cm-5285-818926-4.jpg;Armário Cozinha
Armário aéreoeo Maxxi 1 PT Branco 40 cm;https://static.mobly.com.br/p/2000x2000/p/Kappesberg-ArmC3A1rio-AC3A9reo-Maxxi-1-PT-Branco-40-cm-2214-017789-1.jpg;https://static.mobly.com.br/p/2000x2000/p/Kappesberg-ArmC3A1rio-AC3A9reo-Maxxi-1-PT-Branco-40-cm-2215-017789-2.jpg;https://static.mobly.com.br/p/2000x2000/p/Kappesberg-ArmC3A1rio-AC3A9reo-Maxxi-1-PT-Branco-40-cm-2216-017789-3.jpg;https://static.mobly.com.br/p/2000x2000/p/Kappesberg-ArmC3A1rio-AC3A9reo-Maxxi-1-PT-Branco-40-cm-2217-017789-4.jpg;Armário Cozinha
Cozinha Compacta Malu 9 PT 2 GV Manchester e Grafite;https://static.mobly.com.br/p/2000x2000/p/Fellicci-Moveis-Cozinha-Compacta-Malu-9-PT-2-GV-Manchester-e-Grafite-9561-5462501-1.jpg;https://static.mobly.com.br/p/2000x2000/p/Fellicci-Moveis-Cozinha-Compacta-Malu-9-PT-2-GV-Manchester-e-Grafite-9562-5462501-2.jpg;https://static.mobly.com.br/p/2000x2000/p/Fellicci-Moveis-Cozinha-Compacta-Malu-9-PT-2-GV-Manchester-e-Grafite-9563-5462501-3.jpg;https://static.mobly.com.br/p/2000x2000/p/Fellicci-Moveis-Cozinha-Compacta-Malu-9-PT-2-GV-Manchester-e-Grafite-9564-5462501-4.jpg;Kit Cozinha
Armário aéreoeo Cook l 3 PT Aveiro e Madeira 120 cm;https://static.mobly.com.br/p/2000x2000/p/BE-MobiliC3A1rio-Inteligente-ArmC3A1rio-AC3A9reo-Cook-l-3-PT-Aveiro-e-Madeira-120-cm-5627-238926-1.jpg;https://static.mobly.com.br/p/2000x2000/p/BE-MobiliC3A1rio-Inteligente-ArmC3A1rio-AC3A9reo-Cook-l-3-PT-Aveiro-e-Madeira-120-cm-5627-238926-2.jpg;https://static.mobly.com.br/p/2000x2000/p/BE-MobiliC3A1rio-Inteligente-ArmC3A1rio-AC3A9reo-Cook-l-3-PT-Aveiro-e-Madeira-120-cm-5627-238926-3.jpg;https://static.mobly.com.br/p/2000x2000/p/BE-MobiliC3A1rio-Inteligente-ArmC3A1rio-AC3A9reo-Cook-l-3-PT-Aveiro-e-Madeira-120-cm-5204-238926-4.jpg;Armário Cozinha
Conjunto Sala de Jantar Madesa Havana Mesa Tampo de Madeira com 4 Cadeiras - Preto/Rustic;https://static.mobly.com.br/p/2000x2000/p/Madesa-Conjunto-Sala-de-Jantar-Madesa-Havana-Mesa-Tampo-de-Madeira-com-4-Cadeiras---Preto2FRustic-6733-762938-1.jpg;https://static.mobly.com.br/p/2000x2000/p/Madesa-Conjunto-Sala-de-Jantar-Madesa-Havana-Mesa-Tampo-de-Madeira-com-4-Cadeiras---Preto2FRustic-6735-762938-2.jpg;https://static.mobly.com.br/p/2000x2000/p/Madesa-Conjunto-Sala-de-Jantar-Madesa-Havana-Mesa-Tampo-de-Madeira-com-4-Cadeiras---Preto2FRustic-6736-762938-3.jpg;https://static.mobly.com.br/p/2000x2000/p/Madesa-Conjunto-Sala-de-Jantar-Madesa-Havana-Mesa-Tampo-de-Madeira-com-4-Cadeiras---Preto2FRustic-6737-762938-4.jpg;Mesa
Balcão de Cozinha com Tampo Top Class Tannat;https://static.mobly.com.br/p/2000x2000/p/BATROL-BalcC3A3o-de-Cozinha-com-Tampo-Top-Class-Tannat-5071-8090211-1.jpg;https://static.mobly.com.br/p/2000x2000/p/BATROL-BalcC3A3o-de-Cozinha-com-Tampo-Top-Class-Tannat-5073-8090211-2.jpg;https://static.mobly.com.br/p/2000x2000/p/BATROL-BalcC3A3o-de-Cozinha-com-Tampo-Top-Class-Tannat-5075-8090211-3.jpg;;Balcão de Cozinha
Cozinha Compacta Atena 6 PT 1 GV Preto Onix ;https://static.mobly.com.br/p/2000x2000/p/Gralar-Cozinha-Compacta-Atena-6-PT-1-GV-Preto-OnixC2A0-9400-7896411-1.jpg;https://static.mobly.com.br/p/2000x2000/p/Gralar-Cozinha-Compacta-Atena-6-PT-1-GV-Preto-OnixC2A0-9401-7896411-2.jpg;https://static.mobly.com.br/p/2000x2000/p/Gralar-Cozinha-Compacta-Atena-6-PT-1-GV-Preto-OnixC2A0-9402-7896411-3.jpg;https://static.mobly.com.br/p/2000x2000/p/Gralar-Cozinha-Compacta-Atena-6-PT-1-GV-Preto-OnixC2A0-9403-7896411-4.jpg;Kit Cozinha
Tampo para Balcão de Cozinha Evidence Ã”nix 80 cm;https://static.mobly.com.br/p/2000x2000/p/Poliman-Tampo-para-BalcC3A3o-de-Cozinha-Evidence-C394nix-80-cm-0716-409429-1.jpg;https://static.mobly.com.br/p/2000x2000/p/Poliman-Tampo-para-BalcC3A3o-de-Cozinha-Evidence-C394nix-80-cm-8828-409429-2.jpg;;;Balcão de Cozinha
Nicho para Micro-ondas Space Grafite;https://static.mobly.com.br/p/2000x2000/p/Poliman-Nicho-para-Micro-ondas-Space-Grafite-5420-4679401-1.jpg;https://static.mobly.com.br/p/2000x2000/p/Poliman-Nicho-para-Micro-ondas-Space-Grafite-5421-4679401-2.jpg;https://static.mobly.com.br/p/2000x2000/p/Poliman-Nicho-para-Micro-ondas-Space-Grafite-5422-4679401-3.jpg;https://static.mobly.com.br/p/2000x2000/p/Poliman-Nicho-para-Micro-ondas-Space-Grafite-5422-4679401-4.jpg;Mesa
Balcao Para Pia 3 Portas 2 Gavetas 120CM 17023 Oak Grafite PLN;https://static.mobly.com.br/p/2000x2000/p/Poliman-Balcao-Para-Pia-3-Portas-2-Gavetas-120CM-17023-Oak-Grafite-PLN-0059-5221611-1.jpg;https://static.mobly.com.br/p/2000x2000/p/Poliman-Balcao-Para-Pia-3-Portas-2-Gavetas-120CM-17023-Oak-Grafite-PLN-0066-5221611-2.jpg;https://static.mobly.com.br/p/2000x2000/p/Poliman-Balcao-Para-Pia-3-Portas-2-Gavetas-120CM-17023-Oak-Grafite-PLN-0067-5221611-3.jpg;https://static.mobly.com.br/p/2000x2000/p/Poliman-Balcao-Para-Pia-3-Portas-2-Gavetas-120CM-17023-Oak-Grafite-PLN-0069-5221611-4.jpg;Balcao
Balcão de Cozinha Multipla com Tampo 3 PT 2 GV Branco;https://static.mobly.com.br/p/2000x2000/p/Bertolini-BalcC3A3o-de-Cozinha-Multipla-com-Tampo-3-PT-2-GV-Branco-2214-871155-1.jpg;https://static.mobly.com.br/p/2000x2000/p/Bertolini-BalcC3A3o-de-Cozinha-Multipla-com-Tampo-3-PT-2-GV-Branco-8175-871155-2.jpg;;;Balcão de Cozinha
Balcao Com Tampo 120CM 17023x17508 Oak Grafite PLN;https://static.mobly.com.br/p/2000x2000/p/Poliman-Balcao-Com-Tampo-120CM-17023x17508-Oak-Grafite-PLN-0100-1321611-1.jpg;https://static.mobly.com.br/p/2000x2000/p/Poliman-Balcao-Com-Tampo-120CM-17023x17508-Oak-Grafite-PLN-0101-1321611-2.jpg;https://static.mobly.com.br/p/2000x2000/p/Poliman-Balcao-Com-Tampo-120CM-17023x17508-Oak-Grafite-PLN-0103-1321611-3.jpg;https://static.mobly.com.br/p/2000x2000/p/Poliman-Balcao-Com-Tampo-120CM-17023x17508-Oak-Grafite-PLN-0104-1321611-4.jpg;Balcao
Armário aéreoeo Confort 1 PT Cinamomo e FumÃª 80 cm;https://static.mobly.com.br/p/2000x2000/p/BATROL-ArmC3A1rio-AC3A9reo-Confort-1-PT-Cinamomo-e-FumC3AA-80-cm-1444-0560701-1.jpg;https://static.mobly.com.br/p/2000x2000/p/BATROL-ArmC3A1rio-AC3A9reo-Confort-1-PT-Cinamomo-e-FumC3AA-80-cm-1445-0560701-2.jpg;https://static.mobly.com.br/p/2000x2000/p/BATROL-ArmC3A1rio-AC3A9reo-Confort-1-PT-Cinamomo-e-FumC3AA-80-cm-1446-0560701-3.jpg;https://static.mobly.com.br/p/2000x2000/p/BATROL-ArmC3A1rio-AC3A9reo-Confort-1-PT-Cinamomo-e-FumC3AA-80-cm-1447-0560701-4.jpg;Armário Cozinha
Armário de Cozinha Completa Madesa Reims 260001 com Balcão e Tampo - Preto/Rustic;https://static.mobly.com.br/p/2000x2000/p/Madesa-ArmC3A1rio-de-Cozinha-Completa-Madesa-Reims-260001-com-BalcC3A3o-e-Tampo---Preto2FRustic-2407-611339-1.jpg;https://static.mobly.com.br/p/2000x2000/p/Madesa-ArmC3A1rio-de-Cozinha-Completa-Madesa-Reims-260001-com-BalcC3A3o-e-Tampo---Preto2FRustic-2408-611339-2.jpg;https://static.mobly.com.br/p/2000x2000/p/Madesa-ArmC3A1rio-de-Cozinha-Completa-Madesa-Reims-260001-com-BalcC3A3o-e-Tampo---Preto2FRustic-2409-611339-3.jpg;https://static.mobly.com.br/p/2000x2000/p/Madesa-ArmC3A1rio-de-Cozinha-Completa-Madesa-Reims-260001-com-BalcC3A3o-e-Tampo---Preto2FRustic-2410-611339-4.jpg;Armário Cozinha
Balcão de Cozinha sem Tampo Souza 2 PT 3 GV Branco;https://static.mobly.com.br/p/2000x2000/p/EvidC3AAncia-BalcC3A3o-de-Cozinha-sem-Tampo-Souza-2-PT-3-GV-Branco-0790-306371-1.jpg;https://static.mobly.com.br/p/2000x2000/p/EvidC3AAncia-BalcC3A3o-de-Cozinha-sem-Tampo-Souza-2-PT-3-GV-Branco-4918-306371-2.jpg;https://static.mobly.com.br/p/2000x2000/p/EvidC3AAncia-BalcC3A3o-de-Cozinha-sem-Tampo-Souza-2-PT-3-GV-Branco-5653-306371-3.jpg;https://static.mobly.com.br/p/2000x2000/p/EvidC3AAncia-BalcC3A3o-de-Cozinha-sem-Tampo-Souza-2-PT-3-GV-Branco-4913-306371-4.jpg;Balcão de Cozinha
Bancada gourmet ilha cozinha DitÃ¡lia 2 Prat. Cinza CD-1019;https://static.mobly.com.br/p/2000x2000/p/DitC3A1lia-Bancada-gourmet-ilha-cozinha-DitC3A1lia-2-Prat.-Cinza-CD-1019-6263-1463801-1.jpg;https://static.mobly.com.br/p/2000x2000/p/DitC3A1lia-Bancada-gourmet-ilha-cozinha-DitC3A1lia-2-Prat.-Cinza-CD-1019-6264-1463801-2.jpg;https://static.mobly.com.br/p/2000x2000/p/DitC3A1lia-Bancada-gourmet-ilha-cozinha-DitC3A1lia-2-Prat.-Cinza-CD-1019-6265-1463801-3.jpg;https://static.mobly.com.br/p/2000x2000/p/DitC3A1lia-Bancada-gourmet-ilha-cozinha-DitC3A1lia-2-Prat.-Cinza-CD-1019-6266-1463801-4.jpg;Balcao
Cozinha Compacta Com Balcao 240CM 10027x17036 Oak Grafite PLN;https://static.mobly.com.br/p/2000x2000/p/Poliman-Cozinha-Compacta-Com-Balcao-240CM-10027x17036-Oak-Grafite-PLN-2308-3521611-1.jpg;https://static.mobly.com.br/p/2000x2000/p/Poliman-Cozinha-Compacta-Com-Balcao-240CM-10027x17036-Oak-Grafite-PLN-2310-3521611-2.jpg;https://static.mobly.com.br/p/2000x2000/p/Poliman-Cozinha-Compacta-Com-Balcao-240CM-10027x17036-Oak-Grafite-PLN-2311-3521611-3.jpg;https://static.mobly.com.br/p/2000x2000/p/Poliman-Cozinha-Compacta-Com-Balcao-240CM-10027x17036-Oak-Grafite-PLN-2313-3521611-4.jpg;Kit Cozinha
Cozinha Compacta Com Balcao Para Pia 10027x17037 Oak Off White PLN;https://static.mobly.com.br/p/2000x2000/p/Poliman-Cozinha-Compacta-Com-Balcao-Para-Pia-10027x17037-Oak-Off-White-PLN-2427-9521611-1.jpg;https://static.mobly.com.br/p/2000x2000/p/Poliman-Cozinha-Compacta-Com-Balcao-Para-Pia-10027x17037-Oak-Off-White-PLN-2436-9521611-2.jpg;https://static.mobly.com.br/p/2000x2000/p/Poliman-Cozinha-Compacta-Com-Balcao-Para-Pia-10027x17037-Oak-Off-White-PLN-2438-9521611-3.jpg;https://static.mobly.com.br/p/2000x2000/p/Poliman-Cozinha-Compacta-Com-Balcao-Para-Pia-10027x17037-Oak-Off-White-PLN-2440-9521611-4.jpg;Kit Cozinha
Armário de Cozinha Completa 325cm Rustic Emilly Madesa 02;https://static.mobly.com.br/p/2000x2000/p/Madesa-ArmC3A1rio-de-Cozinha-Completa-325cm-Rustic-Emilly-Madesa-02-0682-7990701-1.jpg;https://static.mobly.com.br/p/2000x2000/p/Madesa-ArmC3A1rio-de-Cozinha-Completa-325cm-Rustic-Emilly-Madesa-02-0693-7990701-2.jpg;https://static.mobly.com.br/p/2000x2000/p/Madesa-ArmC3A1rio-de-Cozinha-Completa-325cm-Rustic-Emilly-Madesa-02-0695-7990701-3.jpg;https://static.mobly.com.br/p/2000x2000/p/Madesa-ArmC3A1rio-de-Cozinha-Completa-325cm-Rustic-Emilly-Madesa-02-0697-7990701-4.jpg;Armário Cozinha
Armário de Cozinha Completa Madesa Emilly Dance com Balcão e aéreoeo Vidro Reflex - Rustic/Preto;https://static.mobly.com.br/p/2000x2000/p/Madesa-ArmC3A1rio-de-Cozinha-Completa-Madesa-Emilly-Dance-com-BalcC3A3o-e-AC3A9reo-Vidro-Reflex---Rustic2FPreto-9836-311339-1.jpg;https://static.mobly.com.br/p/2000x2000/p/Madesa-ArmC3A1rio-de-Cozinha-Completa-Madesa-Emilly-Dance-com-BalcC3A3o-e-AC3A9reo-Vidro-Reflex---Rustic2FPreto-9839-311339-2.jpg;https://static.mobly.com.br/p/2000x2000/p/Madesa-ArmC3A1rio-de-Cozinha-Completa-Madesa-Emilly-Dance-com-BalcC3A3o-e-AC3A9reo-Vidro-Reflex---Rustic2FPreto-9842-311339-3.jpg;https://static.mobly.com.br/p/2000x2000/p/Madesa-ArmC3A1rio-de-Cozinha-Completa-Madesa-Emilly-Dance-com-BalcC3A3o-e-AC3A9reo-Vidro-Reflex---Rustic2FPreto-9845-311339-4.jpg;Armário Cozinha
Balcão de Cozinha Evidence 3 PT 2 GV Branco;https://static.mobly.com.br/p/2000x2000/p/Poliman-BalcC3A3o-de-Cozinha-Evidence-3-PT-2-GV-Branco-2339-898429-1.jpg;https://static.mobly.com.br/p/2000x2000/p/Poliman-BalcC3A3o-de-Cozinha-Evidence-3-PT-2-GV-Branco-0744-898429-2.jpg;https://static.mobly.com.br/p/2000x2000/p/Poliman-BalcC3A3o-de-Cozinha-Evidence-3-PT-2-GV-Branco-0745-898429-3.jpg;https://static.mobly.com.br/p/2000x2000/p/Poliman-BalcC3A3o-de-Cozinha-Evidence-3-PT-2-GV-Branco-8497-898429-4.jpg;Balcão de Cozinha
Cozinha Completa Atena 10 PT 1 GV Preto Onix;https://static.mobly.com.br/p/2000x2000/p/Gralar-Cozinha-Completa-Atena-10-PT-1-GV-Preto-Onix-9437-3896411-1.jpg;https://static.mobly.com.br/p/2000x2000/p/Gralar-Cozinha-Completa-Atena-10-PT-1-GV-Preto-Onix-9438-3896411-2.jpg;https://static.mobly.com.br/p/2000x2000/p/Gralar-Cozinha-Completa-Atena-10-PT-1-GV-Preto-Onix-9439-3896411-3.jpg;https://static.mobly.com.br/p/2000x2000/p/Gralar-Cozinha-Completa-Atena-10-PT-1-GV-Preto-Onix-9440-3896411-4.jpg;Kit Cozinha
Cômoda Ipanema 5 GV Amadeirada;https://static.mobly.com.br/r/2000x2000/p/Falkk-CC3B4moda-Ipanema-5-GV-Amadeirada-3781-2697411-1.jpg;;;;Comoda Quarto
Cômoda Hoover Premium 10 GV Carvalho;https://static.mobly.com.br/r/2000x2000/p/Mobly-CC3B4moda-Hoover-Premium-10-GV-Carvalho-7565-471147-1.jpg;;;;Comoda Quarto
Cômoda Premium 5 GV Neve;https://static.mobly.com.br/r/2000x2000/p/Modern-CC3B4moda-Premium-5-GV-Neve-6443-700706-1.jpg;;;;Comoda Quarto
Sofá 2 Lugares Retrátil Urban com Entrada USB Linho Bege e Caramelo 160 cm;https://static.mobly.com.br/r/2000x2000/p/Estofart-SofC3A1-2-Lugares-RetrC3A1til-Urban-com-Entrada-USB-Linho-Bege-e-Caramelo-160-cm-9609-569457-1.jpg;;;;Sofá Sala
Sofá 3 Lugares Floret Veludo Rosê;https://static.mobly.com.br/r/2000x2000/p/Keva-5BOUTLET5D-SofC3A1-3-Lugares-Floret-Veludo-RosC3AA-4482-6425701-1.jpg;;;;Sofá Sala
Guarda-Roupa Casal Mônaco 6 PT 2 GV Naturale e Grafite;https://static.mobly.com.br/r/2000x2000/p/Mobly-Guarda-Roupa-Casal-MC3B4naco-6-PT-2-GV-Naturale-e-Grafite-4942-0029401-1.jpg;;;;
Guarda-Roupa Casal Premium 6 PT 6 GV Neve;https://static.mobly.com.br/r/2000x2000/p/Mobly-Guarda-Roupa-Casal-Premium-6-PT-6-GV-Neve-0129-735433-1.jpg;;;;
